"Sequence","Exposure","pvalue","mean_diff","Start","End","qvalue"
"VIWINGDKGYNG",30,0.628976840055775,0.0353333333333334,19,30,0.788882396561084
"VIWINGDKGYNG",240,0.772529383118625,0.00833333333333286,19,30,0.880835439539775
"VIWINGDKGYNG",1800,0.105592316898721,0.0979999999999999,19,30,0.275979919167112
"VIWINGDKGYNG",14400,0.0788033769654011,0.0540000000000003,19,30,0.236925185647611
"VIWINGDKGYNGL",30,0.493879678206846,0.0370000000000004,19,31,0.688438339318634
"VIWINGDKGYNGL",240,0.835772694009808,0.00533333333333319,19,31,0.921955489794992
"VIWINGDKGYNGL",1800,0.314919491552973,0.0273333333333339,19,31,0.515653823421275
"VIWINGDKGYNGL",14400,0.875520617095986,-0.00366666666666671,19,31,0.930139719818025
"GDKGYNGLAEVG",30,0.596812030840543,0.0093333333333333,24,35,0.772304273499756
"GDKGYNGLAEVG",240,0.901627266911252,-0.00466666666666671,24,35,0.944193639570803
"GDKGYNGLAEVG",1800,0.928010486073509,-0.0026666666666666,24,35,0.961452305391473
"GDKGYNGLAEVG",14400,0.192432384626243,0.0616666666666665,24,35,0.380755338147394
"LAEVGKKFEKDTGIKVTVEHPDK",30,0.128154014988615,0.0489999999999999,31,53,0.294754234473815
"LAEVGKKFEKDTGIKVTVEHPDK",240,0.264077568781049,0.0273333333333334,31,53,0.46364763984459
"LAEVGKKFEKDTGIKVTVEHPDK",1800,0.333195697788812,0.0449999999999999,31,53,0.533446007849891
"LAEVGKKFEKDTGIKVTVEHPDK",14400,0.634670533558493,0.0140000000000002,31,53,0.793338166948116
"AEVGKKFEKDTGIKV",30,0.845889376479603,-0.01,32,46,0.928661367972834
"AEVGKKFEKDTGIKV",240,0.41270002165406,-0.0163333333333333,32,46,0.622717364175942
"AEVGKKFEKDTGIKV",1800,0.409020585252359,0.0296666666666665,32,46,0.620955343947476
"AEVGKKFEKDTGIKV",14400,0.431196399031956,0.0249999999999995,32,46,0.643994621930843
"TVEHPDKL",30,0.1673058215656,0.0660000000000001,47,54,0.356858241145484
"TVEHPDKL",240,0.18942411638559,0.0276666666666667,47,54,0.37884823277118
"TVEHPDKL",1800,0.942410626365717,0.00166666666666693,47,54,0.96765376814337
"TVEHPDKL",14400,0.0142350117146156,0.063333333333333,47,54,0.0992137180109571
"EEKFPQVAATGDGPDIIF",30,0.772624316169948,0.0176666666666665,55,72,0.880835439539775
"EEKFPQVAATGDGPDIIF",240,0.564962825216457,0.0123333333333333,55,72,0.752810528198191
"EEKFPQVAATGDGPDIIF",1800,0.870053907483645,0.00366666666666671,55,72,0.930139719818025
"EEKFPQVAATGDGPDIIF",14400,0.921968529564721,-0.00199999999999978,55,72,0.957348811737634
"WAHDRFGG",30,0.272421191626714,0.0593333333333332,73,80,0.472580826510885
"WAHDRFGG",240,0.128838223593415,0.0623333333333336,73,80,0.29485364603468
"WAHDRFGG",1800,0.181766387315551,0.0393333333333334,73,80,0.368337172533717
"WAHDRFGG",14400,0.0304439214014304,0.102666666666666,73,80,0.127576998811723
"WAHDRFGGY",30,0.272987220964426,0.048,73,81,0.472580826510885
"WAHDRFGGY",240,0.16266994826039,0.0539999999999998,73,81,0.354318227263011
"WAHDRFGGY",1800,0.178186611191537,0.0403333333333333,73,81,0.367005262281143
"WAHDRFGGY",14400,0.0945293204630328,0.0486666666666666,73,81,0.266417377275894
"WAHDRFGGYAQSGL",30,0.0642703959704136,0.163666666666666,73,86,0.21269339673662
"WAHDRFGGYAQSGL",240,0.0520819033122982,0.0766666666666671,73,86,0.181873314406659
"WAHDRFGGYAQSGL",1800,0.195998707772435,0.0520000000000005,73,86,0.383614547644289
"WAHDRFGGYAQSGL",14400,0.0502302428334564,0.04,73,86,0.179115594599922
"WAHDRFGGYAQSGLL",30,0.052189733699302,0.152,73,87,0.181873314406659
"WAHDRFGGYAQSGLL",240,0.014905874645172,0.0516666666666667,73,87,0.10083385789381
"WAHDRFGGYAQSGLL",1800,0.273274999678033,0.0476666666666672,73,87,0.472580826510885
"WAHDRFGGYAQSGLL",14400,0.480258658332112,0.016,73,87,0.679750716408527
"YAQSGL",30,0.118933405728969,0.0833333333333333,81,86,0.290727017909758
"YAQSGL",240,0.414505550349776,0.0126666666666666,81,86,0.623112918826461
"YAQSGL",1800,0.101201431498291,0.0449999999999999,81,86,0.273054971348076
"YAQSGL",14400,0.0959808756584332,0.0266666666666664,81,86,0.266417377275894
"YAQSGLL",30,0.11265753495305,0.0946666666666667,81,87,0.28593850707589
"YAQSGLL",240,0.771606088706789,0.00666666666666682,81,87,0.880835439539775
"YAQSGLL",1800,0.703491758733403,-0.00633333333333308,81,87,0.834036621178777
"YAQSGLL",14400,0.137105670694679,0.0556666666666672,81,87,0.307651748875866
"AQSGLL",30,0.793663466786393,0.00833333333333353,82,87,0.890451694443271
"AQSGLL",240,0.35198840765087,-0.0066666666666666,82,87,0.55170118102371
"AQSGLL",1800,0.0641155629512525,0.0329999999999999,82,87,0.21269339673662
"AQSGLL",14400,0.0640681136546199,0.0299999999999998,82,87,0.21269339673662
"LAEITPDKAFQDKL",30,0.575252720170686,-0.0269999999999997,87,100,0.758079592717727
"LAEITPDKAFQDKL",240,0.213601046316613,-0.0259999999999998,87,100,0.409934710999193
"LAEITPDKAFQDKL",1800,0.381543613329812,0.0216666666666665,87,100,0.586990174353557
"LAEITPDKAFQDKL",14400,0.506817226433653,-0.0280000000000005,87,100,0.69801174898048
"LAEITPDKAFQDKLYPFT",30,0.734346514138957,-0.0186666666666673,87,104,0.850880091949421
"LAEITPDKAFQDKLYPFT",240,0.535917382700893,0.0156666666666663,87,104,0.719807785569523
"LAEITPDKAFQDKLYPFT",1800,0.750337383067238,0.00999999999999979,87,104,0.862887990527324
"LAEITPDKAFQDKLYPFT",14400,0.589522493114581,-0.0203333333333333,87,104,0.768216279979341
"LAEITPDKAFQDKLYPFTWD",30,0.697404615396759,0.0326666666666675,87,106,0.834036621178777
"LAEITPDKAFQDKLYPFTWD",240,0.653190813363295,-0.00933333333333408,87,106,0.805543630421222
"LAEITPDKAFQDKLYPFTWD",1800,0.497129219421605,0.0169999999999995,87,106,0.690874443909179
"LAEITPDKAFQDKLYPFTWD",14400,0.287435465356786,-0.0339999999999998,87,106,0.484323494740373
"LAEITPDKAFQDKLYPFTWDA",30,0.725983922474799,-0.0186666666666664,87,107,0.845449631236474
"LAEITPDKAFQDKLYPFTWDA",240,0.117479323344072,-0.0300000000000002,87,107,0.288986570792904
"LAEITPDKAFQDKLYPFTWDA",1800,0.865277716119121,-0.00566666666666737,87,107,0.930139719818025
"LAEITPDKAFQDKLYPFTWDA",14400,0.804090784777713,0.00700000000000056,87,107,0.899955622865567
"AEITPDKAFQDKL",30,0.665585331036395,0.00333333333333341,88,100,0.818634364376315
"AEITPDKAFQDKL",240,0.628922059120563,-0.0173333333333332,88,100,0.788882396561084
"AEITPDKAFQDKL",1800,0.181324204186204,-0.0309999999999997,88,100,0.368337172533717
"AEITPDKAFQDKL",14400,0.469050988858498,0.00966666666666693,88,100,0.675139820866551
"AEITPDKAFQDKLYPFTWD",30,0.119450883445531,0.037666666666667,88,106,0.290727017909758
"AEITPDKAFQDKLYPFTWD",240,0.452045780281704,-0.0216666666666665,88,106,0.661993197322019
"AEITPDKAFQDKLYPFTWD",1800,0.57097167913449,0.0166666666666666,88,106,0.756907701446298
"AEITPDKAFQDKLYPFTWD",14400,0.225240983139315,0.0286666666666662,88,106,0.424634640344611
"AEITPDKAFQDKLYPFTWDA",30,0.792409951660522,0.0166666666666671,88,107,0.890451694443271
"AEITPDKAFQDKLYPFTWDA",240,0.980013606687725,-0.00100000000000033,88,107,0.984293142088108
"AEITPDKAFQDKLYPFTWDA",1800,0.7305194677765,-0.0136666666666674,88,107,0.848583220144419
"AEITPDKAFQDKLYPFTWDA",14400,0.0286946861521832,-0.0423333333333336,88,107,0.124524109717022
"FQDKLYPFTWD",30,0.945480903903487,-0.00166666666666671,96,106,0.967841345993849
"FQDKLYPFTWD",240,0.894214089369545,-0.00200000000000022,96,106,0.939433852479344
"FQDKLYPFTWD",1800,0.329582275168841,0.0133333333333334,96,106,0.531957356412867
"FQDKLYPFTWD",14400,0.477393059387313,-0.0266666666666666,96,106,0.679750716408527
"WDAVRYNGKL",30,0.61967373528445,-0.00600000000000001,105,114,0.787430713344881
"WDAVRYNGKL",240,0.102344395428546,0.0300000000000002,105,114,0.273054971348076
"WDAVRYNGKL",1800,0.784542878254757,0.00733333333333341,105,114,0.888890945805883
"WDAVRYNGKL",14400,0.241153307974334,0.0453333333333332,105,114,0.438328048612428
"DAVRYNGKL",30,0.70966911931141,0.0086666666666666,106,114,0.836603863259393
"DAVRYNGKL",240,0.710955058836493,0.00633333333333352,106,114,0.836603863259393
"DAVRYNGKL",1800,0.222028111575524,0.0223333333333335,106,114,0.420300128908399
"DAVRYNGKL",14400,0.773603299074063,0.00733333333333341,106,114,0.880835439539775
"VRYNGKL",30,0.0680282254967958,0.034,108,114,0.215813680886387
"VRYNGKL",240,0.127122927522648,0.0150000000000001,108,114,0.294106618258713
"VRYNGKL",1800,0.875858707808462,-0.00299999999999967,108,114,0.930139719818025
"VRYNGKL",14400,0.0414971542768859,0.0323333333333333,108,114,0.156464680060389
"IAYPIA",30,0.703175729964107,-0.00266666666666666,115,120,0.834036621178777
"IAYPIA",240,0.10298202281655,0.00366666666666667,115,120,0.273054971348076
"IAYPIA",1800,0.938099465839156,0.00066666666666667,115,120,0.967546534273569
"IAYPIA",14400,0.216721277504527,-0.0106666666666667,115,120,0.413658869925654
"IAYPIAV",30,0.9521463754582,-0.000333333333333331,115,121,0.971147079181313
"IAYPIAV",240,0.712132267933096,-0.003,115,121,0.836603863259393
"IAYPIAV",1800,0.447763643939457,-0.006,115,121,0.660164346833816
"IAYPIAV",14400,0.279456585214673,0.011,115,121,0.477881149437731
"IAYPIAVEA",30,0.550423387436636,-0.00566666666666668,115,123,0.736031273897827
"IAYPIAVEA",240,0.523210335422104,0.00233333333333333,115,123,0.712061403237183
"IAYPIAVEA",1800,0.0405205055276482,0.031,115,123,0.154044897047258
"IAYPIAVEA",14400,0.106299311900088,0.017,115,123,0.276258098723393
"YPIAVEAL",30,0.637252363281136,0.003,117,124,0.794406740133666
"YPIAVEAL",240,0.0397331846549686,0.012,117,124,0.15231054117738
"YPIAVEAL",1800,0.0241809875577735,0.0266666666666667,117,124,0.118526517878448
"YPIAVEAL",14400,0.112364811134036,0.0166666666666666,117,124,0.28593850707589
"EALSL",30,0.192154288620971,0.0173333333333333,122,126,0.380755338147394
"EALSL",240,0.240824828945035,0.0166666666666667,122,126,0.438328048612428
"EALSL",1800,0.693489641995729,-0.00266666666666666,122,126,0.834036621178777
"EALSL",14400,0.874379767425596,-0.002,122,126,0.930139719818025
"LSLIYNKDLLPNPPKTWEEIPA",30,0.144281282624403,0.0886666666666667,124,145,0.319083605803968
"LSLIYNKDLLPNPPKTWEEIPA",240,0.187344991107735,0.0640000000000005,124,145,0.376326183011171
"LSLIYNKDLLPNPPKTWEEIPA",1800,0.0667028591826615,0.0899999999999999,124,145,0.213078577944613
"LSLIYNKDLLPNPPKTWEEIPA",14400,0.0171289848407014,0.101666666666667,124,145,0.10649875792694
"SLIYNKDLLPNPPKT",30,0.95606494256725,0.00166666666666671,125,139,0.97298644597552
"SLIYNKDLLPNPPKT",240,0.90314174219816,0.0026666666666666,125,139,0.944193639570803
"SLIYNKDLLPNPPKT",1800,0.0769051653599482,0.044,125,139,0.232739316220896
"SLIYNKDLLPNPPKT",14400,0.0844841137906879,0.069666666666667,125,139,0.248722617094626
"LIYNKDLLPNPPKTWEEIPA",30,0.0254708571858472,0.125666666666667,126,145,0.118526517878448
"LIYNKDLLPNPPKTWEEIPA",240,0.133971278739437,0.0586666666666669,126,145,0.303580237537641
"LIYNKDLLPNPPKTWEEIPA",1800,0.0146754864657985,0.131666666666667,126,145,0.100757071257721
"LIYNKDLLPNPPKTWEEIPA",14400,0.00764795809806345,0.106,126,145,0.073292931773108
"IYNKDLLPNPPKT",30,0.183578051615219,0.0433333333333334,127,139,0.370376770802636
"IYNKDLLPNPPKT",240,0.324642884712191,0.022,127,139,0.525830024533831
"IYNKDLLPNPPKT",1800,0.0197257995236479,0.0286666666666666,127,139,0.110644019097302
"IYNKDLLPNPPKT",14400,0.0449107811755982,0.027333333333333,127,139,0.166604510812703
"KDLL",30,0.934164800987282,0.00166666666666671,130,133,0.965653502144157
"KDLL",240,0.445941171157554,-0.00166666666666671,130,133,0.660164346833816
"KDLL",1800,0.469662484081079,0.00733333333333319,130,133,0.675139820866551
"KDLL",14400,0.113929917899044,0.028,130,133,0.28593850707589
"WEEIPAL",30,0.282581837145995,0.018,140,146,0.481435722545028
"WEEIPAL",240,0.284222031393162,0.0073333333333333,140,146,0.482443300519758
"WEEIPAL",1800,0.478038634910952,0.00733333333333341,140,146,0.679750716408527
"WEEIPAL",14400,0.0895072878447046,0.0333333333333333,140,146,0.257756756575469
"DKELKAKGKSAL",30,0.0805110991097125,0.0993333333333335,147,158,0.240487698639401
"DKELKAKGKSAL",240,0.0330766277468036,0.0760000000000001,147,158,0.133238411337105
"DKELKAKGKSAL",1800,0.019964029532774,0.101999999999999,147,158,0.110644019097302
"DKELKAKGKSAL",14400,0.0240434164258465,0.119666666666666,147,158,0.118526517878448
"DKELKAKGKSALM",30,0.0988854325803186,0.0840000000000001,147,159,0.270222375460814
"DKELKAKGKSALM",240,0.000907272498107204,0.103333333333333,147,159,0.0441308367164591
"DKELKAKGKSALM",1800,0.00226747142413888,0.141,147,159,0.0441308367164591
"DKELKAKGKSALM",14400,0.0438575229796448,0.154666666666667,147,159,0.164020004639322
"DKELKAKGKSALMF",30,0.0706139805117074,0.147666666666666,147,160,0.219475885374226
"DKELKAKGKSALMF",240,0.00211202464522406,0.172,147,160,0.0441308367164591
"DKELKAKGKSALMF",1800,0.00322945406119207,0.135,147,160,0.0449667114349796
"DKELKAKGKSALMF",14400,0.114997008280521,0.120666666666667,147,160,0.28593850707589
"LQEPYFT",30,0.576799690111314,-0.00866666666666668,162,168,0.758079592717727
"LQEPYFT",240,0.514773393412683,0.0113333333333334,162,168,0.704749288600697
"LQEPYFT",1800,0.0477469206973638,0.0853333333333334,162,168,0.171590496256151
"LQEPYFT",14400,0.220742220398777,0.0403333333333333,162,168,0.419592650344783
"QEPYFT",30,0.139268072323923,-0.0233333333333333,163,168,0.310986957616527
"QEPYFT",240,0.984087575428245,-0.000333333333333352,163,168,0.986231557074058
"QEPYFT",1800,0.179477956869046,0.0316666666666667,163,168,0.367005262281143
"QEPYFT",14400,0.213878979651753,-0.0233333333333332,163,168,0.409934710999193
"AADGGYAFKYENGKY",30,0.881610690957955,0.00533333333333319,173,187,0.930139719818025
"AADGGYAFKYENGKY",240,0.865939584424874,0.0046666666666666,173,187,0.930139719818025
"AADGGYAFKYENGKY",1800,0.499824959792467,0.0326666666666666,173,187,0.692098862280096
"AADGGYAFKYENGKY",14400,0.398235138170898,-0.0373333333333337,173,187,0.606583323041765
"ADGGYA",30,0.489534239256516,0.0420000000000003,174,179,0.684455167349537
"ADGGYA",240,0.247019574652722,0.0186666666666668,174,179,0.440213947585258
"ADGGYA",1800,0.168168615978647,0.0139999999999998,174,179,0.356858241145484
"ADGGYA",14400,0.1265128268764,0.0350000000000001,174,179,0.294106618258713
"YAFKYENGK",30,0.907458235552774,-0.00333333333333385,178,186,0.946555075633279
"YAFKYENGK",240,0.0510014054393026,0.141333333333333,178,186,0.180466511554455
"YAFKYENGK",1800,0.168366887722214,0.0406666666666666,178,186,0.356858241145484
"YAFKYENGK",14400,0.108685542199571,0.043333333333333,178,186,0.279303627998896
"FKYENGKY",30,0.313126624409037,0.0793333333333335,180,187,0.515653823421275
"FKYENGKY",240,0.446514783295334,0.0306666666666668,180,187,0.660164346833816
"FKYENGKY",1800,0.483973391074144,0.0140000000000002,180,187,0.682907238938977
"FKYENGKY",14400,0.592402866001489,0.0169999999999995,180,187,0.769789034917189
"FKYENGKYDIKD",30,0.34131428349594,0.0543333333333331,180,191,0.543268409716721
"FKYENGKYDIKD",240,0.376881067795467,0.0439999999999996,180,191,0.582735500250242
"FKYENGKYDIKD",1800,0.790100687264881,0.0106666666666664,180,191,0.890451694443271
"FKYENGKYDIKD",14400,0.0961419231039097,0.0449999999999999,180,191,0.266417377275894
"DIKDVGVDNAGAKAGL",30,0.00985674451631629,0.149666666666665,188,203,0.0829071740602062
"DIKDVGVDNAGAKAGL",240,0.3155329273586,0.0683333333333334,188,203,0.515653823421275
"DIKDVGVDNAGAKAGL",1800,0.129778781122563,0.0609999999999999,188,203,0.295535838199895
"DIKDVGVDNAGAKAGL",14400,0.693364450979075,0.0166666666666675,188,203,0.834036621178777
"DIKDVGVDNAGAKAGLTF",30,0.01675915249977,0.244666666666667,188,205,0.10649875792694
"DIKDVGVDNAGAKAGLTF",240,0.00214305268648305,0.122333333333334,188,205,0.0441308367164591
"DIKDVGVDNAGAKAGLTF",1800,0.0704442909131469,0.0649999999999995,188,205,0.219475885374226
"DIKDVGVDNAGAKAGLTF",14400,0.437327399077815,0.0140000000000011,188,205,0.651037552025226
"DIKDVGVDNAGAKAGLTFL",30,0.0118950340842965,0.210666666666668,188,206,0.0868526298218472
"DIKDVGVDNAGAKAGLTFL",240,0.00351913393838971,0.212999999999999,188,206,0.0449667114349796
"DIKDVGVDNAGAKAGLTFL",1800,0.0221632116488094,0.0983333333333345,188,206,0.118526517878448
"DIKDVGVDNAGAKAGLTFL",14400,0.844259469451322,-0.0109999999999992,188,206,0.928661367972834
"VGVDNAGAKAGLTF",30,0.00114868095656278,0.165666666666667,192,205,0.0441308367164591
"VGVDNAGAKAGLTF",240,0.00704934203904384,0.148000000000001,192,205,0.0689952745221464
"VGVDNAGAKAGLTF",1800,0.127171194328102,0.0789999999999988,192,205,0.294106618258713
"VGVDNAGAKAGLTF",14400,0.699300867424212,-0.00900000000000034,192,205,0.834036621178777
"VGVDNAGAKAGLTFL",30,0.0373927713956984,0.180666666666666,192,206,0.147014314889071
"VGVDNAGAKAGLTFL",240,0.000699165186246746,0.155333333333333,192,206,0.0441308367164591
"VGVDNAGAKAGLTFL",1800,0.0192225612094632,0.124000000000001,192,206,0.110529726954413
"VGVDNAGAKAGLTFL",14400,0.173918750850774,0.0210000000000008,192,206,0.363648297233438
"TFL",30,0.0635334058699816,0.0203333333333333,204,206,0.21269339673662
"TFL",240,0.00283628280197743,0.048,204,206,0.0449667114349796
"TFL",1800,0.00104648753198178,0.0446666666666667,204,206,0.0441308367164591
"TFL",14400,0.000729733601961357,0.03,204,206,0.0441308367164591
"LVDL",30,0.0470001513938106,0.0366666666666667,206,209,0.171008517989835
"LVDL",240,0.00256740430283721,0.0953333333333333,206,209,0.0441308367164591
"LVDL",1800,0.00297398935993294,0.0676666666666667,206,209,0.0449667114349796
"LVDL",14400,0.00241258647791305,0.0933333333333334,206,209,0.0441308367164591
"LVDLIKNKHMNADTDY",30,0.00265029390248232,0.165333333333333,206,221,0.0441308367164591
"LVDLIKNKHMNADTDY",240,0.00177835726638166,0.328333333333334,206,221,0.0441308367164591
"LVDLIKNKHMNADTDY",1800,0.0916938975294807,0.113,206,221,0.260365388046674
"LVDLIKNKHMNADTDY",14400,0.295390242780007,0.0640000000000001,206,221,0.494107315195648
"VDLIKNKHMNA",30,0.0102732802639821,0.168666666666667,207,217,0.0829071740602062
"VDLIKNKHMNA",240,0.0333096028342762,0.141,207,217,0.133238411337105
"VDLIKNKHMNA",1800,0.0971398029090065,0.103666666666667,207,217,0.267570714599659
"VDLIKNKHMNA",14400,0.116574988075222,0.114999999999999,207,217,0.288303733949473
"VDLIKNKHMNADTD",30,0.00161261171073922,0.216,207,220,0.0441308367164591
"VDLIKNKHMNADTD",240,0.02831645097018,0.215333333333334,207,220,0.124524109717022
"VDLIKNKHMNADTD",1800,0.066368298687053,0.155333333333333,207,220,0.213078577944613
"VDLIKNKHMNADTD",14400,0.0178269660008139,0.159,207,220,0.10649875792694
"VDLIKNKHMNADTDY",30,0.0257451839684,0.189333333333333,207,221,0.118526517878448
"VDLIKNKHMNADTDY",240,0.0021713186388025,0.213333333333334,207,221,0.0441308367164591
"VDLIKNKHMNADTDY",1800,0.0317829255452302,0.207000000000001,207,221,0.130643808508427
"VDLIKNKHMNADTDY",14400,0.08965452402625,0.094666666666666,207,221,0.257756756575469
"LIKNKHMNADTDY",30,0.0085479116382205,0.198,209,221,0.0786407870716286
"LIKNKHMNADTDY",240,0.017761990043376,0.184333333333334,209,221,0.10649875792694
"LIKNKHMNADTDY",1800,0.158372052807577,0.117333333333334,209,221,0.346910210911834
"LIKNKHMNADTDY",14400,0.197338609227404,0.0979999999999999,209,221,0.383614547644289
"YSIAE",30,0.32106567941575,0.0303333333333333,221,225,0.521873542513233
"YSIAE",240,0.0275997437632142,0.125333333333334,221,225,0.123260991563869
"YSIAE",1800,0.00898032234464541,0.0843333333333334,221,225,0.0809989858536645
"YSIAE",14400,0.0390090697327263,0.0483333333333329,221,225,0.152069254890289
"SIAEAA",30,0.00669389122816716,0.0693333333333334,222,227,0.0684264436657087
"SIAEAA",240,0.00351171608606997,0.063,222,227,0.0449667114349796
"SIAEAA",1800,0.127233080507574,0.0346666666666666,222,227,0.294106618258713
"SIAEAA",14400,0.00144170060621925,0.124666666666666,222,227,0.0441308367164591
"EAAFNKGETAM",30,0.120860313140539,0.0526666666666666,225,235,0.291077193951036
"EAAFNKGETAM",240,0.0163278125753466,0.104,225,235,0.10649875792694
"EAAFNKGETAM",1800,0.00524642577483955,0.195333333333333,225,235,0.0548489967369589
"EAAFNKGETAM",14400,0.000929314109362278,0.227333333333333,225,235,0.0441308367164591
"AAFNKGETA",30,0.0536416889485773,0.069,226,234,0.185527645987561
"AAFNKGETA",240,0.0396377661734201,0.0643333333333334,226,234,0.15231054117738
"AAFNKGETA",1800,0.00314755392440696,0.0993333333333333,226,234,0.0449667114349796
"AAFNKGETA",14400,0.0116747712659694,0.162,226,234,0.0866192706829984
"AAFNKGETAM",30,0.066116524886395,0.0443333333333333,226,235,0.213078577944613
"AAFNKGETAM",240,0.0318089272890084,0.0623333333333333,226,235,0.130643808508427
"AAFNKGETAM",1800,0.00156185195308196,0.082,226,235,0.0441308367164591
"AAFNKGETAM",14400,0.00347703385799045,0.176333333333333,226,235,0.0449667114349796
"FNKGETA",30,0.236991276246778,-0.025,228,234,0.438328048612428
"FNKGETA",240,0.536726240109449,0.0103333333333333,228,234,0.719807785569523
"FNKGETA",1800,0.169119775151555,0.0373333333333333,228,234,0.356858241145484
"FNKGETA",14400,0.0468200875078318,0.0516666666666667,228,234,0.171008517989835
"FNKGETAM",30,0.377511258857766,0.0116666666666667,228,235,0.582735500250242
"FNKGETAM",240,0.24389634430527,0.021,228,235,0.438328048612428
"FNKGETAM",1800,0.242308256784624,0.0263333333333334,228,235,0.438328048612428
"FNKGETAM",14400,0.00464369963927313,0.0956666666666666,228,235,0.0508595674777533
"NKGETAM",30,0.854191467616775,0.005,229,235,0.930139719818025
"NKGETAM",240,0.879752124122771,-0.005,229,235,0.930139719818025
"NKGETAM",1800,0.194107872549759,0.0266666666666667,229,235,0.38157957851662
"NKGETAM",14400,0.257176659157137,0.0313333333333332,229,235,0.453261544874647
"TINGPWAWSN",30,0.171431026739739,0.0623333333333334,236,245,0.360083435161095
"TINGPWAWSN",240,0.163294487347301,-0.0256666666666667,236,245,0.354318227263011
"TINGPWAWSN",1800,0.285719658159522,-0.0370000000000004,236,245,0.483202363063897
"TINGPWAWSN",14400,0.393455850785775,-0.059333333333333,236,245,0.601294655685902
"IDTSKVNY",30,0.81320038399927,-0.0129999999999999,246,253,0.902466060948427
"IDTSKVNY",240,0.23922881594004,0.0293333333333332,246,253,0.438328048612428
"IDTSKVNY",1800,0.690572068293137,-0.00766666666666627,246,253,0.834036621178777
"IDTSKVNY",14400,0.88137205929136,0.00533333333333363,246,253,0.930139719818025
"TSKVNYGVT",30,0.865897213410496,-0.004,248,256,0.930139719818025
"TSKVNYGVT",240,0.0958639149260016,0.0123333333333333,248,256,0.266417377275894
"TSKVNYGVT",1800,0.00111431459352805,0.0253333333333334,248,256,0.0441308367164591
"TSKVNYGVT",14400,0.294947187694565,0.0143333333333334,248,256,0.494107315195648
"SKVNYGVTVL",30,0.0185021132634353,0.048,249,258,0.109115026938208
"SKVNYGVTVL",240,0.192860856061615,0.0196666666666667,249,258,0.380755338147394
"SKVNYGVTVL",1800,0.942329653339333,0.00099999999999989,249,258,0.96765376814337
"SKVNYGVTVL",14400,0.104009356178147,0.065666666666667,249,258,0.273396021953985
"GVTVLPTF",30,0.624514440433672,-0.0126666666666667,254,261,0.788882396561084
"GVTVLPTF",240,0.619065761288242,0.0026666666666666,254,261,0.787430713344881
"GVTVLPTF",1800,0.0761617112624779,0.073,254,261,0.232015809143972
"GVTVLPTF",14400,0.00208833861252506,0.13,254,261,0.0441308367164591
"GVTVLPTFKGQPSKPFVGVL",30,0.0111820565027466,0.159,254,273,0.0843237047748107
"GVTVLPTFKGQPSKPFVGVL",240,0.000564104208675466,0.177,254,273,0.0441308367164591
"GVTVLPTFKGQPSKPFVGVL",1800,0.000712385301023221,0.163,254,273,0.0441308367164591
"GVTVLPTFKGQPSKPFVGVL",14400,0.00251531721524604,0.215999999999999,254,273,0.0441308367164591
"PTF",30,0.45300177355064,0.00933333333333333,259,261,0.661993197322019
"PTF",240,0.0472132212711065,0.0153333333333333,259,261,0.171008517989835
"PTF",1800,0.0229813515594123,0.0473333333333334,259,261,0.118526517878448
"PTF",14400,0.0255352181325417,0.0556666666666667,259,261,0.118526517878448
"PTFKGQPSKPFVGVL",30,0.0286844600085673,0.140666666666667,259,273,0.124524109717022
"PTFKGQPSKPFVGVL",240,0.0101189822697047,0.169666666666666,259,273,0.0829071740602062
"PTFKGQPSKPFVGVL",1800,0.00310667962054775,0.145333333333333,259,273,0.0449667114349796
"PTFKGQPSKPFVGVL",14400,0.0070495171794367,0.197333333333333,259,273,0.0689952745221464
"KGQPSKPFVGVL",30,0.114816921360879,0.0573333333333335,262,273,0.28593850707589
"KGQPSKPFVGVL",240,0.0233244983184671,0.108333333333333,262,273,0.118526517878448
"KGQPSKPFVGVL",1800,0.00181279471431431,0.121,262,273,0.0441308367164591
"KGQPSKPFVGVL",14400,0.000891050125256404,0.176,262,273,0.0441308367164591
"SAGINAASPNKEL",30,0.946801316733113,-0.00099999999999989,274,286,0.967841345993849
"SAGINAASPNKEL",240,0.668733742756009,0.00933333333333319,274,286,0.820313391114038
"SAGINAASPNKEL",1800,0.700810623672085,0.00600000000000023,274,286,0.834036621178777
"SAGINAASPNKEL",14400,0.806715051607991,-0.00766666666666627,274,286,0.900701271212805
"SAGINAASPNKELAKE",30,0.518301272828113,-0.0110000000000001,274,289,0.707473547480511
"SAGINAASPNKELAKE",240,0.964766893559994,-0.000666666666667037,274,289,0.977517116822902
"SAGINAASPNKELAKE",1800,0.608897673947315,0.0100000000000002,274,289,0.780203147676225
"SAGINAASPNKELAKE",14400,0.177847063476167,0.0350000000000001,274,289,0.367005262281143
"AASPNKELAKE",30,0.59799560426563,-0.0126666666666666,279,289,0.772304273499756
"AASPNKELAKE",240,0.228022027547223,0.0323333333333333,279,289,0.426382653137083
"AASPNKELAKE",1800,0.645453623407138,0.0116666666666667,279,289,0.801682341453504
"AASPNKELAKE",14400,0.344858059424329,-0.0379999999999994,279,289,0.547016232190315
"FLENYL",30,0.648485070115955,-0.00433333333333333,290,295,0.801890140465966
"FLENYL",240,0.853799630557076,-0.000999999999999999,290,295,0.930139719818025
"FLENYL",1800,0.675521617620893,-0.00133333333333333,290,295,0.826436021557476
"FLENYL",14400,0.114582762165719,-0.00533333333333334,290,295,0.28593850707589
"YLLTDEGL",30,0.880568720133725,-0.004,294,301,0.930139719818025
"YLLTDEGL",240,0.0305075431941078,-0.035,294,301,0.127576998811723
"YLLTDEGL",1800,0.62861967081571,-0.0110000000000001,294,301,0.788882396561084
"YLLTDEGL",14400,0.852596999558159,0.0086666666666666,294,301,0.930139719818025
"YLLTDEGLEAVNKDKPLGA",30,0.346808091852357,0.05,294,312,0.548218976811287
"YLLTDEGLEAVNKDKPLGA",240,0.718313052109018,-0.00933333333333342,294,312,0.838639603985147
"YLLTDEGLEAVNKDKPLGA",1800,0.813858646060981,0.00666666666666682,294,312,0.902466060948427
"YLLTDEGLEAVNKDKPLGA",14400,0.894504407360766,0.00466666666666704,294,312,0.939433852479344
"LLTDEG",30,0.33398358752341,0.0143333333333332,295,300,0.533446007849891
"LLTDEG",240,0.525074415076215,0.00966666666666671,295,300,0.712490356740587
"LLTDEG",1800,0.688493062455235,0.0063333333333333,295,300,0.834036621178777
"LLTDEG",14400,0.167467736467785,0.0229999999999999,295,300,0.356858241145484
"LTDEGLE",30,0.746224024427855,0.011,296,302,0.860308399089758
"LTDEGLE",240,0.69478554015885,-0.004,296,302,0.834036621178777
"LTDEGLE",1800,0.534097948737251,0.012,296,302,0.719807785569523
"LTDEGLE",14400,0.95935517542801,-0.00166666666666671,296,302,0.974179648337494
"LTDEGLEA",30,0.599375273129158,-0.0143333333333333,296,303,0.772304273499756
"LTDEGLEA",240,0.511946202985556,0.0139999999999998,296,303,0.702970905592106
"LTDEGLEA",1800,0.916095141237479,0.00133333333333341,296,303,0.953402183188327
"LTDEGLEA",14400,0.462734821939746,0.0209999999999999,296,303,0.669364836768187
"LTDEGLEAVNKDKPLGA",30,0.870699837070933,-0.00433333333333341,296,312,0.930139719818025
"LTDEGLEAVNKDKPLGA",240,0.204749778423117,0.0336666666666667,296,312,0.395734865859806
"LTDEGLEAVNKDKPLGA",1800,0.176944570734795,0.0570000000000004,296,312,0.367005262281143
"LTDEGLEAVNKDKPLGA",14400,0.179513443507081,0.0540000000000003,296,312,0.367005262281143
"LEAVNKDKPLGAVA",30,0.136835278605819,0.0313333333333333,301,314,0.307651748875866
"LEAVNKDKPLGAVA",240,0.814181337594777,0.0063333333333333,301,314,0.902466060948427
"LEAVNKDKPLGAVA",1800,0.974141197198822,0.000666666666666593,301,314,0.983248376708437
"LEAVNKDKPLGAVA",14400,0.77924907696814,0.0116666666666663,301,314,0.885073025692208
"EAVNKDKPLGA",30,0.00268622484361056,0.0463333333333333,302,312,0.0441308367164591
"EAVNKDKPLGA",240,0.646574236259239,0.01,302,312,0.801682341453504
"EAVNKDKPLGA",1800,0.251504025203069,-0.012,302,312,0.444968659974661
"EAVNKDKPLGA",14400,0.991535436632598,-0.000333333333333297,302,312,0.991535436632598
"AVNKDKPLGA",30,0.0825843237036836,0.053,303,312,0.245088960668997
"AVNKDKPLGA",240,0.715590115841834,-0.00600000000000001,303,312,0.837586395132935
"AVNKDKPLGA",1800,0.978050383371393,-0.000666666666666593,303,312,0.984293142088108
"AVNKDKPLGA",14400,0.834813349518405,0.00533333333333319,303,312,0.921955489794992
"VNKDKPLGA",30,0.0177517236577467,0.0626666666666667,304,312,0.10649875792694
"VNKDKPLGA",240,0.478639543217973,0.022,304,312,0.679750716408527
"VNKDKPLGA",1800,0.974698390824015,0.000333333333333297,304,312,0.983248376708437
"VNKDKPLGA",14400,0.123031895617968,0.0500000000000003,304,312,0.294106618258713
"VALKS",30,0.586344068432727,0.0143333333333333,313,317,0.766245089429132
"VALKS",240,0.298277065607046,0.00700000000000001,313,317,0.496744295443793
"VALKS",1800,0.0854308119585888,0.0183333333333333,313,317,0.248722617094626
"VALKS",14400,0.479969236986808,0.0153333333333333,313,317,0.679750716408527
"VALKSYE",30,0.696819221270194,0.004,313,319,0.834036621178777
"VALKSYE",240,0.712931987821048,0.004,313,319,0.836603863259393
"VALKSYE",1800,0.0661722969137458,0.0213333333333332,313,319,0.213078577944613
"VALKSYE",14400,0.277961931785333,0.00900000000000012,313,319,0.477881149437731
"VALKSYEEE",30,0.102669981286253,0.0246666666666666,313,321,0.273054971348076
"VALKSYEEE",240,0.4547605442473,0.00500000000000012,313,321,0.661993197322019
"VALKSYEEE",1800,0.361799138763617,0.0403333333333333,313,321,0.562255418348864
"VALKSYEEE",14400,0.10809268091446,0.0353333333333334,313,321,0.279303627998896
"VALKSYEEEL",30,0.333621580116822,0.0166666666666666,313,322,0.533446007849891
"VALKSYEEEL",240,0.0221108380577598,0.0513333333333335,313,322,0.118526517878448
"VALKSYEEEL",1800,0.243534474709614,0.0833333333333335,313,322,0.438328048612428
"VALKSYEEEL",14400,0.244676850241093,-0.0723333333333334,313,322,0.438328048612428
"LAKDPRIAA",30,0.0697592920346003,0.0316666666666667,322,330,0.219475885374226
"LAKDPRIAA",240,0.148986997983187,0.0133333333333334,322,330,0.327913966852947
"LAKDPRIAA",1800,0.166376157878829,0.0489999999999999,322,330,0.356858241145484
"LAKDPRIAA",14400,0.00383053047664509,0.117666666666667,322,330,0.0461898186490112
"LAKDPRIAATM",30,0.0715142416711631,0.034,322,332,0.22078222260896
"LAKDPRIAATM",240,0.576554802222176,0.0066666666666666,322,332,0.758079592717727
"LAKDPRIAATM",1800,0.00917914792159274,0.0766666666666664,322,332,0.0812001546910127
"LAKDPRIAATM",14400,0.0220048845567872,0.129,322,332,0.118526517878448
"AKDPRIAATM",30,0.0851691841543753,0.037,323,332,0.248722617094626
"AKDPRIAATM",240,0.629390955517213,-0.00700000000000001,323,332,0.788882396561084
"AKDPRIAATM",1800,0.0253967295867523,0.0913333333333333,323,332,0.118526517878448
"AKDPRIAATM",14400,0.0255091443285328,0.174,323,332,0.118526517878448
"AKDPRIAATME",30,0.302683513306782,0.0186666666666667,323,333,0.500843223457265
"AKDPRIAATME",240,0.229437101865998,0.0146666666666666,323,333,0.427291768657324
"AKDPRIAATME",1800,0.0257666343214018,0.0610000000000002,323,333,0.118526517878448
"AKDPRIAATME",14400,0.0100806953108952,0.179666666666667,323,333,0.0829071740602062
"ENAQKGEIMPNIPQMSA",30,0.26646871397552,0.0773333333333337,333,349,0.466066952200529
"ENAQKGEIMPNIPQMSA",240,0.0111185159685571,0.114,333,349,0.0843237047748107
"ENAQKGEIMPNIPQMSA",1800,0.0243723624224023,0.120333333333333,333,349,0.118526517878448
"ENAQKGEIMPNIPQMSA",14400,0.0188429711180672,0.0893333333333324,333,349,0.109718566003936
"ENAQKGEIMPNIPQMSAF",30,0.0915756634230217,0.0949999999999998,333,350,0.260365388046674
"ENAQKGEIMPNIPQMSAF",240,0.0121666632207753,0.101666666666667,333,350,0.0874478918993228
"ENAQKGEIMPNIPQMSAF",1800,0.0098978218303252,0.130666666666668,333,350,0.0829071740602062
"ENAQKGEIMPNIPQMSAF",14400,0.278871089706202,0.0323333333333338,333,350,0.477881149437731
"NAQKGEIMPNIPQM",30,0.0344603835268757,0.1,334,347,0.136653245020369
"NAQKGEIMPNIPQM",240,0.00408612678745479,0.116333333333333,334,347,0.0461898186490112
"NAQKGEIMPNIPQM",1800,0.0250623763850798,0.0840000000000005,334,347,0.118526517878448
"NAQKGEIMPNIPQM",14400,0.299126456169415,0.0350000000000001,334,347,0.496744295443793
"NAQKGEIMPNIPQMSA",30,0.0261923473873776,0.134333333333333,334,349,0.119291879190036
"NAQKGEIMPNIPQMSA",240,0.00156665361893998,0.125999999999999,334,349,0.0441308367164591
"NAQKGEIMPNIPQMSA",1800,0.0172350881370228,0.0906666666666665,334,349,0.10649875792694
"NAQKGEIMPNIPQMSA",14400,0.0105238380383689,0.0573333333333341,334,349,0.0830390041656291
"NAQKGEIMPNIPQMSAF",30,0.00810375288386375,0.187333333333333,334,350,0.0760760474811699
"NAQKGEIMPNIPQMSAF",240,0.00371070936390298,0.0860000000000003,334,350,0.0461331434431181
"NAQKGEIMPNIPQMSAF",1800,0.0642300375434159,0.0666666666666664,334,350,0.21269339673662
"NAQKGEIMPNIPQMSAF",14400,0.501019393781026,0.0289999999999999,334,350,0.692098862280096
"PNIPQMSAF",30,0.532170006769312,0.0196666666666667,342,350,0.719807785569523
"PNIPQMSAF",240,0.423233413665802,0.0140000000000002,342,350,0.634160815264719
"PNIPQMSAF",1800,0.679105703859128,0.00766666666666715,342,350,0.828617039191509
"PNIPQMSAF",14400,0.384917608857912,0.0186666666666673,342,350,0.590207000248799
"SAFWYAVRTAVINAA",30,0.0237339935383466,0.183666666666667,348,362,0.118526517878448
"SAFWYAVRTAVINAA",240,0.00146647153950026,0.199666666666667,348,362,0.0441308367164591
"SAFWYAVRTAVINAA",1800,0.00494441082819743,0.140666666666666,348,362,0.0528936972318795
"SAFWYAVRTAVINAA",14400,0.0131326327846188,0.188333333333333,348,362,0.0929386320142251
"FWYAVRT",30,0.0328295019480194,0.182666666666667,350,356,0.133238411337105
"FWYAVRT",240,0.00034573488850809,0.0803333333333334,350,356,0.0441308367164591
"FWYAVRT",1800,0.355650825842218,0.0196666666666667,350,356,0.5545741691099
"FWYAVRT",14400,0.244891974985639,0.038666666666666,350,356,0.438328048612428
"WYAVRT",30,0.0304377650612868,0.168333333333333,351,356,0.127576998811723
"WYAVRT",240,0.00411691861871622,0.0806666666666667,351,356,0.0461898186490112
"WYAVRT",1800,0.103286010901229,0.0243333333333333,351,356,0.273054971348076
"WYAVRT",14400,0.120859361049705,0.0736666666666665,351,356,0.291077193951036
"WYAVRTAVINA",30,0.0265906648927509,0.253,351,361,0.119918684810445
"WYAVRTAVINA",240,0.0197701661992316,0.0906666666666673,351,361,0.110644019097302
"WYAVRTAVINA",1800,0.349791161947016,0.024,351,361,0.551040871560368
"WYAVRTAVINA",14400,0.0665406545292397,0.0469999999999988,351,361,0.213078577944613
"WYAVRTAVINAASGRQTVDE",30,0.0564277741544199,0.108333333333334,351,370,0.193707284410695
"WYAVRTAVINAASGRQTVDE",240,0.0161257901214709,0.154666666666667,351,370,0.10649875792694
"WYAVRTAVINAASGRQTVDE",1800,0.45373832662921,0.0226666666666677,351,370,0.661993197322019
"WYAVRTAVINAASGRQTVDE",14400,0.615031811661071,-0.0313333333333325,351,370,0.785873981566923
"YAVRTAVINAASGRQTVDE",30,0.0106506548821133,0.211666666666666,352,370,0.0830390041656291
"YAVRTAVINAASGRQTVDE",240,0.017164604274618,0.196333333333335,352,370,0.10649875792694
"YAVRTAVINAASGRQTVDE",1800,0.247859592227352,0.0523333333333316,352,370,0.440213947585258
"YAVRTAVINAASGRQTVDE",14400,0.566244440775161,0.0129999999999999,352,370,0.752810528198191
"AVINA",30,0.0298678396771765,0.0786666666666667,357,361,0.127576998811723
"AVINA",240,0.0237702464838166,0.0629999999999997,357,361,0.118526517878448
"AVINA",1800,0.412888687116657,0.0230000000000001,357,361,0.622717364175942
"AVINA",14400,0.0739426141691925,0.0553333333333335,357,361,0.226757350118857
"AVINAASGRQTVDEAL",30,0.00391784631653708,0.111000000000001,357,372,0.0461898186490112
"AVINAASGRQTVDEAL",240,0.487186757976669,0.0426666666666655,357,372,0.683514839753575
"AVINAASGRQTVDEAL",1800,0.226326939745576,0.0353333333333339,357,372,0.424940376665164
"AVINAASGRQTVDEAL",14400,0.583409570134723,0.0216666666666665,357,372,0.764582342626702
"ASGRQTVDE",30,0.243154258544627,0.0640000000000001,362,370,0.438328048612428
"ASGRQTVDE",240,0.316118213488694,0.065666666666667,362,370,0.515653823421275
"ASGRQTVDE",1800,0.60593297880235,0.032,362,370,0.778573101254417
"ASGRQTVDE",14400,0.140826863495705,0.0396666666666663,362,370,0.312948585546011
"ASGRQTVDEAL",30,0.736787688516873,0.0179999999999998,362,372,0.851563660094878
"ASGRQTVDEAL",240,0.197644886503688,0.0743333333333336,362,372,0.383614547644289
"ASGRQTVDEAL",1800,0.126114087719073,0.0326666666666666,362,372,0.294106618258713
"ASGRQTVDEAL",14400,0.127016972517761,0.0960000000000001,362,372,0.294106618258713
"ASGRQTVDEALKDAQT",30,0.457217353052206,0.0656666666666688,362,377,0.663469976037901
"ASGRQTVDEALKDAQT",240,0.858398855099211,0.0086666666666666,362,377,0.930139719818025
"ASGRQTVDEALKDAQT",1800,0.125378305570088,0.0636666666666681,362,377,0.294106618258713
"ASGRQTVDEALKDAQT",14400,0.86007972966419,0.0086666666666666,362,377,0.930139719818025
"EALKDAQT",30,0.48737579878081,0.041666666666667,370,377,0.683514839753575
"EALKDAQT",240,0.787206241336164,0.012666666666667,370,377,0.889717127800087
"EALKDAQT",1800,0.0992773509845164,0.0686666666666671,370,377,0.270222375460814
"EALKDAQT",14400,0.352609015697762,-0.0350000000000001,370,377,0.55170118102371
